{"cameraMode":{"drawMode":0,"name":"Shaded","section":"Shading Mode"},"sceneLighting":true,"audioPlay":false,"sceneViewState":{"showFog":true,"showMaterialUpdate":false,"showSkybox":true,"showFlares":true,"showImageEffects":true,"showParticleSystems":true},"in2DMode":false,"pivot":{"x":-8.588676452636719,"y":7.5882344245910648,"z":-6.495138645172119},"rotation":{"x":0.07711274176836014,"y":-0.9196785092353821,"z":0.3127005100250244,"w":0.22602495551109315},"size":22.0,"orthographic":false}