{"cameraMode":{"drawMode":0,"name":"Shaded","section":"Shading Mode"},"sceneLighting":true,"audioPlay":false,"sceneViewState":{"showFog":true,"showMaterialUpdate":false,"showSkybox":true,"showFlares":true,"showImageEffects":true,"showParticleSystems":true},"in2DMode":false,"pivot":{"x":478.2021789550781,"y":340.682861328125,"z":-0.56988525390625},"rotation":{"x":-0.08921442180871964,"y":-0.003975634928792715,"z":0.0011024210834875703,"w":-0.9963481426239014},"size":1063.857421875,"orthographic":false}