{"cameraMode":{"drawMode":0,"name":"Shaded","section":"Shading Mode"},"sceneLighting":true,"audioPlay":false,"sceneViewState":{"showFog":true,"showMaterialUpdate":false,"showSkybox":true,"showFlares":true,"showImageEffects":true,"showParticleSystems":true},"in2DMode":false,"pivot":{"x":7.505796909332275,"y":3.025639057159424,"z":3.7856903076171877},"rotation":{"x":-0.22038930654525758,"y":0.5508148670196533,"z":-0.15335585176944734,"w":-0.7903628349304199},"size":88.87053680419922,"orthographic":false}