{"cameraMode":{"drawMode":0,"name":"Shaded","section":"Shading Mode"},"sceneLighting":true,"audioPlay":false,"sceneViewState":{"showFog":true,"showMaterialUpdate":false,"showSkybox":true,"showFlares":true,"showImageEffects":true,"showParticleSystems":true},"in2DMode":false,"pivot":{"x":20.33852767944336,"y":3.142604112625122,"z":-3.5339572429656984},"rotation":{"x":0.301120400428772,"y":0.42035973072052,"z":-0.15062139928340913,"w":0.8428816795349121},"size":15.108732223510743,"orthographic":false}