{"cameraMode":{"drawMode":0,"name":"Shaded","section":"Shading Mode"},"sceneLighting":true,"audioPlay":false,"sceneViewState":{"showFog":true,"showMaterialUpdate":false,"showSkybox":true,"showFlares":true,"showImageEffects":true,"showParticleSystems":true},"in2DMode":false,"pivot":{"x":-5.088617324829102,"y":-40.411407470703128,"z":86.7381591796875},"rotation":{"x":-0.26157650351524355,"y":0.07815220952033997,"z":-0.019544679671525956,"w":-0.9621953964233398},"size":115.9532470703125,"orthographic":false}