{"cameraMode":{"drawMode":0,"name":"Shaded","section":"Shading Mode"},"sceneLighting":true,"audioPlay":false,"sceneViewState":{"showFog":true,"showMaterialUpdate":false,"showSkybox":true,"showFlares":true,"showImageEffects":true,"showParticleSystems":true},"in2DMode":false,"pivot":{"x":625.0789184570313,"y":-157.65745544433595,"z":-33.537315368652347},"rotation":{"x":-0.11958085745573044,"y":0.012915405444800854,"z":0.0003919863374903798,"w":-0.9931262731552124},"size":891.204345703125,"orthographic":false}