{"cameraMode":{"drawMode":0,"name":"Shaded","section":"Shading Mode"},"sceneLighting":true,"audioPlay":false,"sceneViewState":{"showFog":true,"showMaterialUpdate":false,"showSkybox":true,"showFlares":true,"showImageEffects":true,"showParticleSystems":true},"in2DMode":false,"pivot":{"x":-21.81999969482422,"y":2.7049999237060549,"z":13.880999565124512},"rotation":{"x":0.13010060787200929,"y":-0.6834040880203247,"z":0.12423119693994522,"w":0.7080180644989014},"size":4.957884311676025,"orthographic":false}