{"cameraMode":{"drawMode":0,"name":"Shaded","section":"Shading Mode"},"sceneLighting":true,"audioPlay":false,"sceneViewState":{"showFog":true,"showMaterialUpdate":false,"showSkybox":true,"showFlares":true,"showImageEffects":true,"showParticleSystems":true},"in2DMode":false,"pivot":{"x":11.512153625488282,"y":14.578876495361329,"z":13.384111404418946},"rotation":{"x":0.07207664102315903,"y":-0.9146254062652588,"z":0.35187938809394839,"w":0.186822310090065},"size":5.7157673835754398,"orthographic":false}